-- Sql queries to create ORDERS table --
CREATE TABLE ORDERS (ID varchar(40), USERID varchar(40), STOCKID varchar(40), QUANTITY decimal(10, 2), ORDERTYPE varchar(20), PRICEPERSHARE decimal(10, 2), ORDERSTATUS varchar(20), CREATEDTIMESTAMP timestamp)

--Sql to create portfolio table--
CREATE TABLE PORTFOLIOS (ID varchar(40), USERID varchar(40), TOTALVALUE decimal(10, 2), CREATEDAT timestamp)

-- Sql queries to populate USER data --
CREATE TABLE USERS (id varchar(40), userName varchar(100), emailId varchar(100), passwordHash varchar(100), createdAt timestamp)
INSERT INTO USERS VALUES ('1d8aa31a-1298-45db-b5ab-9a4b32a67b95', 'Eric Evans', 'eric.evans@gmail.com', '9384dbba8f5c29c6d6535afc26fa39f9e3283ba8', '2025-06-24 19:50:24')
INSERT INTO USERS VALUES ('1d8aa31a-1298-45db-b5ab-9a4b32a67b96', 'Martin Fowler', 'martin.fowler@gmail.com', '9384dbba8f5c29c6d6535afc26fa39f9e3283ba8', '2025-06-24 19:50:24')
INSERT INTO USERS VALUES ('1d8aa31a-1298-45db-b5ab-9a4b32a67b97', 'Ted Bund', 'ted.bund@gmail.com', '9384dbba8f5c29c6d6535afc26fa39f9e3283ba8', '2025-06-24 19:50:24')

-- Sql queries to populate CURRENT ACCOUNTS data --
CREATE TABLE CURRENT_ACCOUNT (accountNumber varchar(20), userId varchar(36), accountType varchar(20))
INSERT INTO CURRENT_ACCOUNT VALUES ('NLRABO123456789', '1d8aa31a-1298-45db-b5ab-9a4b32a67b95', 'CURRENT')
INSERT INTO CURRENT_ACCOUNT VALUES ('NLRABO123456788', '1d8aa31a-1298-45db-b5ab-9a4b32a67b96', 'CURRENT')
INSERT INTO CURRENT_ACCOUNT VALUES ('NLRABO123456787', '1d8aa31a-1298-45db-b5ab-9a4b32a67b97', 'CURRENT')

-- Sql queries to populate CURRENT ACCOUNTS BALANCE data --
CREATE TABLE CURRENT_ACCOUNT_BALANCE (accountNumber varchar(20), amount decimal(10, 2))
INSERT INTO CURRENT_ACCOUNT_BALANCE VALUES ('NLRABO123456789', '100000.00')
INSERT INTO CURRENT_ACCOUNT_BALANCE VALUES ('NLRABO123456788', '100000.00')
INSERT INTO CURRENT_ACCOUNT_BALANCE VALUES ('NLRABO123456787', '100000.00')

-- Sql queries to populate TRADING ACCOUNTS data --
CREATE TABLE TRADING_ACCOUNT (accountNumber varchar(20), userId varchar(40), accountType varchar(20))
INSERT INTO TRADING_ACCOUNT VALUES ('NLRABO123456799', '1d8aa31a-1298-45db-b5ab-9a4b32a67b95', 'TRADING')
INSERT INTO TRADING_ACCOUNT VALUES ('NLRABO123456798', '1d8aa31a-1298-45db-b5ab-9a4b32a67b96', 'TRADING')
INSERT INTO TRADING_ACCOUNT VALUES ('NLRABO123456797', '1d8aa31a-1298-45db-b5ab-9a4b32a67b97', 'TRADING')

-- Sql queries to populate TRADING ACCOUNTS balance data --
CREATE TABLE TRADING_ACCOUNT_BALANCE (accountNumber varchar(20), stockId varchar(40), quantity decimal(10, 2))
INSERT INTO TRADING_ACCOUNT_BALANCE VALUES ('NLRABO123456799', '2d8aa31a-1298-45db-b5ab-9a4b32a67b95', '5')
INSERT INTO TRADING_ACCOUNT_BALANCE VALUES ('NLRABO123456799', '2d8aa31a-1298-45db-b5ab-9a4b32a67b96', '6')
INSERT INTO TRADING_ACCOUNT_BALANCE VALUES ('NLRABO123456798', '2d8aa31a-1298-45db-b5ab-9a4b32a67b97', '7')
INSERT INTO TRADING_ACCOUNT_BALANCE VALUES ('NLRABO123456798', '2d8aa31a-1298-45db-b5ab-9a4b32a67b98', '8')
INSERT INTO TRADING_ACCOUNT_BALANCE VALUES ('NLRABO123456797', '2d8aa31a-1298-45db-b5ab-9a4b32a67b99', '9')
INSERT INTO TRADING_ACCOUNT_BALANCE VALUES ('NLRABO123456797', '2d8aa31a-1298-45db-b5ab-9a4b32a67b90', '10')

-- Sql queries to populate STOCK data --
CREATE TABLE STOCKS (id varchar(40), stockTickerSymbol varchar(5), companyName varchar(36), market varchar(36), sector varchar(36), pricePerShare decimal(10,2), currencyType varchar (4))
INSERT INTO STOCKS VALUES ('2d8aa31a-1298-45db-b5ab-9a4b32a67b95', 'TFS', 'THERMOFISHER SCIENTIFIC', 'LONDON_STOCK_EXCHANGE', 'HEALTHCARE', '200.00', 'EUR')
INSERT INTO STOCKS VALUES ('2d8aa31a-1298-45db-b5ab-9a4b32a67b96', 'SNF', 'SANOFI', 'EURO_NEXT_PARIS', 'HEALTHCARE', '50.00', 'GBP')
INSERT INTO STOCKS VALUES ('2d8aa31a-1298-45db-b5ab-9a4b32a67b97', 'ING', 'ING BANK', 'LONDON_STOCK_EXCHANGE', 'FINANCE', '100.00', 'GBP')
INSERT INTO STOCKS VALUES ('2d8aa31a-1298-45db-b5ab-9a4b32a67b98', 'RABO', 'RABOBANK', 'LONDON_STOCK_EXCHANGE', 'FINANCE', '100.00', 'GBP')
INSERT INTO STOCKS VALUES ('2d8aa31a-1298-45db-b5ab-9a4b32a67b99', 'SHL', 'SHELL', 'LONDON_STOCK_EXCHANGE', 'ENERGY', '100.00', 'GBP')
INSERT INTO STOCKS VALUES ('2d8aa31a-1298-45db-b5ab-9a4b32a67b90', 'SMNS', 'SIEMENS', 'LONDON_STOCK_EXCHANGE', 'ENERGY', '100.00', 'GBP')